date,unique_traders,total_pnl,avg_pnl,pnl_std,trade_count,median_pnl,total_volume,avg_trade_size,median_trade_size,buy_trades,buy_ratio,avg_price,price_volatility,min_price,max_price,profitable_ratio,avg_pnl_per_trader,price_range,volume_per_trader,pnl_volatility,rolling_pnl_7d,rolling_volume_7d,timestamp,value,classification,sentiment_value,sentiment_category,sentiment_score
2023-01-05,1,0.0,0.0,0.0,3,0.0,477.0,159.0,156.39,3,1.0,1898.1333333333332,0.4041451884326002,1897.9,1898.6,0.0,0.0,0.6999999999998181,477.0,0.0,0.0,477.0,1672896600,29,Fear,29,Fear,2
2023-05-12,1,0.0,0.0,0.0,9,0.0,50005.83,5556.203333333334,1935.95,7,0.7777777777777778,11038.3,17477.946554443974,2230.1,41867.0,0.0,0.0,39636.9,50005.83,0.0,0.0,25241.415,1683869400,49,Neutral,49,Neutral,3
2024-01-01,1,-129.53146,-7.196192222222223,85.84776860469921,18,0.0,264239.52999999997,14679.973888888888,9216.095000000001,10,0.5555555555555556,10373.330666666667,17773.70614824905,14.94,42693.0,0.0,-129.53146,42678.06,264239.52999999997,10.474103861539673,-43.17715333333334,104907.45333333332,1704087000,65,Greed,65,Greed,4
2024-01-02,1,0.0,0.0,0.0,6,0.0,2008.18,334.69666666666666,252.115,6,1.0,0.07612616666666668,0.0876728802091426,0.024577,0.25435,0.0,0.0,0.229773,2008.18,0.0,-32.382865,79182.635,1704173400,71,Greed,71,Greed,4
2024-01-03,1,8244.241409,60.176944591240876,111.95860869453276,137,27.04384,472974.7,3452.370072992701,1000.87,37,0.27007299270072993,2.725657408759124,2.904073684094302,0.004018,8.1169,1.0,8244.241409,8.112881999999999,472974.7,1.8300784624435567,1622.9419898,157941.048,1704259800,70,Greed,70,Greed,4
2024-01-04,2,2507.963406,32.57095332467532,92.06770180124278,77,0.54675,339470.47,4408.7074025974025,1041.48,32,0.4155844155844156,1332.2278167402596,1725.5880496159934,0.007531,3649.8,1.0,1253.981703,3649.792469,169735.235,2.7424810046597985,1770.4455591666665,188195.95166666666,1704346200,68,Greed,68,Greed,4
2024-01-05,1,0.0,0.0,0.0,14,0.0,87025.45,6216.103571428571,4871.745,14,1.0,2916.8142857142857,24.152746527779367,2885.5,2936.5,0.0,0.0,51.0,87025.45,0.0,1517.524765,173743.02285714285,1704432600,72,Greed,72,Greed,4
2024-01-06,1,91.510419,3.66041676,7.909299454844354,25,0.0,12834.62,513.3848,333.0,9,0.36,1.1308718,1.0389183982502748,0.007568,2.5841,1.0,91.510419,2.576532,12834.62,1.6971227815351762,1530.5976819999998,175508.39714285714,1704519000,70,Greed,70,Greed,4
2024-01-07,2,5065.839308,79.1537391875,207.33447463371925,64,0.0,362670.14999999997,5666.721093749999,423.28999999999996,6,0.09375,1312.7375605675,1705.9142479757836,0.0002933,3509.0,1.0,2532.919654,3508.9997067,181335.07499999998,2.586709949347605,2254.2890117142856,220174.72857142854,1704605400,71,Greed,71,Greed,4
2024-01-08,4,167.080017,2.9312283684210527,23.197203266011744,57,0.0,227774.53,3996.044385964912,1002.35,47,0.8245614035087719,18740.473002526316,28157.144286863113,0.000225,65310.0,1.0,41.77000425,65309.999775,56943.6325,5.90075190043684,2296.662079857143,214965.44285714283,1704691800,71,Greed,71,Greed,4
2024-01-09,1,137.433093,11.452757750000002,25.479618769976113,12,0.0,12359.68,1029.9733333333334,499.67499999999995,7,0.5833333333333334,44.57331249999999,64.01090091524229,0.14095,131.52,1.0,137.433093,131.37905,12359.68,2.046102500466301,2316.2953788571426,216444.22857142854,1704778200,76,Extreme Greed,76,Extreme Greed,5
2024-01-10,1,0.0,0.0,0.0,4,0.0,139954.32,34988.58,31787.215,4,1.0,62044.5,142.6055164898365,61921.0,62168.0,0.0,0.0,247.0,139954.32,0.0,1138.5466061428572,168869.88857142857,1704864600,73,Greed,73,Greed,4
2024-01-11,2,1040.475736,45.238075478260875,154.1983753462747,23,0.0,260981.03,11347.001304347827,2753.9,13,0.5652173913043478,27379.532136956524,34916.24329270276,0.51618,70632.0,1.0,520.237868,70631.48382,130490.515,3.3348787498470185,928.9055104285715,157657.11142857143,1704951000,76,Extreme Greed,76,Extreme Greed,5
2024-01-12,9,40886.364494,98.28453003365385,338.03944268346726,416,0.5600160000000001,814711.82,1958.441875,296.565,144,0.34615384615384615,6389.235122030456,23868.612594146103,4.53e-06,97403.0,1.0,4542.929388222223,97402.99999547,90523.53555555554,3.4047544221530197,6769.814723857143,261612.30714285714,1705037400,71,Greed,71,Greed,4
2024-02-01,1,783.979116,46.11641858823529,134.42834386429288,17,0.0,121348.74,7138.1611764705885,2439.38,9,0.5294117647058824,10199.892598764705,18953.92703976332,0.084411,43510.0,1.0,783.979116,43509.915589,121348.74,2.85311039956375,6868.738823428573,277114.32428571425,1706765400,63,Greed,63,Greed,4
2024-02-02,1,456.423473,10.867225547619048,41.93124714430262,42,0.0,474278.43,11292.343571428572,3708.865,19,0.4523809523809524,15601.771341142858,19639.423920350528,0.057923,43100.0,1.0,456.423473,43099.942077,474278.43,3.533365652826527,6210.250847,293058.3642857143,1706851800,63,Greed,63,Greed,4
2024-02-03,2,230.90060000000005,7.448406451612905,250.64780257055287,31,1.3124,63197.56,2038.6309677419354,269.86,28,0.9032258064516129,0.8005309032258064,0.6194783616347095,0.00419,1.3872,1.0,115.45030000000003,1.38301,31598.78,29.66805681119913,6219.368073142857,269547.3685714285,1706938200,60,Greed,60,Greed,4
2024-02-04,2,883.760812,21.555141756097562,78.23542802217051,41,0.0,239664.50999999998,5845.475853658536,3300.9,10,0.24390243902439024,3060.7089024390243,1013.4302257071722,0.895,3501.5,1.0,441.880406,3500.605,119832.25499999999,3.468629409124433,6325.9863187142855,302019.4871428571,1707024600,60,Greed,60,Greed,4
2024-02-06,1,192.906947,2.074268247311828,4.425015055071825,93,0.0,29464.51,316.822688172043,221.94,34,0.3655913978494624,1.0599227956989248,0.363102874623006,0.60441,1.43,1.0,192.906947,0.8255899999999999,29464.51,1.439371811142734,6353.544454000001,286235.22857142857,1707197400,64,Greed,64,Greed,4
2024-02-07,1,2421.253116,134.514062,226.36405308073617,18,10.35,33347.47,1852.6372222222224,218.55,13,0.7222222222222222,3.4119444444444444,0.4751156023070126,2.8999,3.95,1.0,2421.253116,1.0501,33347.47,1.6704100647557607,6550.798365428572,253716.14857142855,1707283800,62,Greed,62,Greed,4
2024-02-08,3,782.3681909999999,12.418542714285714,44.14907581961201,63,0.0,396320.37,6290.799523809524,2129.53,42,0.6666666666666666,14406.321016984128,24246.100310630554,0.00022,63971.0,1.0,260.78939699999995,63970.99978,132106.79,3.290154285726557,821.6560364285714,193945.94142857142,1707370200,66,Greed,66,Greed,4
2024-02-09,1,0.0,0.0,0.0,2,0.0,30000.42,15000.21,15000.21,2,1.0,2426.1,0.0,2426.1,2426.1,0.0,0.0,0.0,30000.42,0.0,709.6590198571428,180896.18142857144,1707456600,72,Greed,72,Greed,4
2024-02-10,1,0.0,0.0,0.0,4,0.0,99954.34,24988.585,20954.905000000002,4,1.0,60911.0,0.0,60911.0,60911.0,0.0,0.0,0.0,99954.34,0.0,644.4556665714284,127421.31142857144,1707543000,74,Greed,74,Greed,4
2024-02-11,1,0.0,0.0,0.0,2,0.0,40000.0,20000.0,20000.0,2,1.0,68880.0,0.0,68880.0,68880.0,0.0,0.0,0.0,40000.0,0.0,611.4698665714285,124107.37428571428,1707629400,71,Greed,71,Greed,4
2024-02-12,8,18489.604313,68.48001597407408,379.90364074572494,270,0.0,585243.56,2167.568740740741,149.885,156,0.5777777777777777,6137.360651434223,23395.974646335806,4.64e-06,97323.0,1.0,2311.200539125,97322.99999536,73155.445,5.467811649431442,3126.5903667142857,173475.81,1707715800,70,Greed,70,Greed,4
2024-03-01,1,866.015507,12.925604582089552,50.415365667933756,67,0.0,394499.36,5888.050149253731,2102.78,32,0.47761194029850745,738.8837898507463,1048.4157183426262,0.97873,2237.3,1.0,866.015507,2236.3212700000004,394499.36,3.620335861954288,3222.7487324285717,225623.64571428573,1709271000,80,Extreme Greed,80,Extreme Greed,5
2024-03-02,1,223.30918699999998,3.9876640535714283,68.62663189543068,56,0.0,603820.0,10782.5,3788.38,18,0.32142857142857145,29939.640223214286,19282.53294251475,0.0525,43305.0,1.0,223.30918699999998,43304.9475,603820.0,13.759273110283042,2908.7567425714287,307119.7214285714,1709357400,80,Extreme Greed,80,Extreme Greed,5
2024-03-03,1,8361.086245,105.83653474683545,199.82398269178753,79,15.04116,390745.68,4946.1478481012655,805.5,36,0.45569620253164556,3.0333498607594938,7.629637709299519,0.003796,30.423,1.0,8361.086245,30.419203999999997,390745.68,1.8703712467396965,3991.4307502857146,306323.33714285714,1709443800,83,Extreme Greed,83,Extreme Greed,5
2024-03-04,2,126.7884,31.6971,63.3942,4,0.0,16887.57,4221.8925,3443.955,3,0.75,8.3283,4.2287486399643095,4.5807,11.99,1.0,63.3942,7.4093,8443.785,1.9388324958482557,4009.543378857143,304450.07285714283,1709530200,82,Extreme Greed,82,Extreme Greed,5
2024-03-05,3,5306.017045,147.3893623611111,280.85451321791754,36,0.0,282682.64999999997,7852.295833333333,1991.1950000000002,3,0.08333333333333333,1960.4601549999998,1494.2304167812372,0.11795,3080.9,1.0,1768.6723483333333,3080.7820500000003,94227.54999999999,1.8926863000761975,4767.545813857143,330554.11714285717,1709616600,90,Extreme Greed,90,Extreme Greed,5
2024-03-06,1,562.808208,8.040117257142859,11.849209775400267,70,4.63499,21466.86,306.66942857142857,221.95,44,0.6285714285714286,1.3030562857142858,0.21869007595736015,0.64945,1.435,1.0,562.808208,0.7855500000000001,21466.86,1.310736292279601,4847.946986428571,327906.52571428573,1709703000,75,Extreme Greed,75,Extreme Greed,5
2024-03-07,2,1118.387284,62.132626888888886,130.94390209637675,18,0.0,179600.66,9977.814444444444,2957.515,18,1.0,2039.0916666666667,1670.9943138258234,3.45,3354.4,1.0,559.193642,3350.9500000000003,89800.33,2.0741082471799124,2366.344553714286,269957.54,1709789400,82,Extreme Greed,82,Extreme Greed,5
2024-03-08,5,464.1897,12.545667567567568,76.3123165975776,37,0.0,290532.86,7852.239459459459,4534.09,36,0.972972972972973,2718.8256902127027,804.3609430846107,0.000215,2968.3,1.0,92.83794,2968.299785,58106.572,5.633706586768186,2308.9408670000003,255105.18285714285,1709875800,81,Extreme Greed,81,Extreme Greed,5
2024-03-10,2,100.375782,11.152864666666666,20.273575382952355,9,0.0,132935.69,14770.632222222222,4525.05,6,0.6666666666666666,26799.238066666665,31775.92122620566,3.3968,60295.0,1.0,50.187891,60291.6032,66467.845,1.6682137042601553,2291.378952,187835.9957142857,1710048600,79,Extreme Greed,79,Extreme Greed,5
2024-03-11,2,0.0,0.0,0.0,6,0.0,129055.66,21509.27666666667,19456.93,6,1.0,45208.04899166667,35019.27476760649,0.1464,68415.0,0.0,0.0,68414.8536,64527.83,0.0,1096.938059857143,150451.70714285714,1710135000,82,Extreme Greed,82,Extreme Greed,5
2024-03-12,8,23576.539285,63.03887509358289,229.00768096588675,374,0.0,1084666.53,2900.177887700535,499.645,170,0.45454545454545453,2354.399729529412,14614.148396105858,0.040677,95834.0,1.0,2947.067410625,95833.959323,135583.31625,3.5760728250024307,4446.902472,302991.5585714286,1710221400,81,Extreme Greed,81,Extreme Greed,5
2024-04-01,1,-67.60364,-13.520728,29.544005214373353,5,-0.0786,99792.54000000001,19958.508,3335.99,2,0.4,2212.62,1.625423021862385,2211.4,2214.4,0.0,-67.60364,3.0,99792.54000000001,2.034609092214478,3679.2423741428565,276864.4,1711949400,79,Extreme Greed,79,Extreme Greed,5
2024-04-02,1,47.62389499999999,1.360682714285714,31.922762604224417,35,-0.02695,203187.53,5805.358,2314.37,19,0.5428571428571428,12108.636457142857,18462.1662366605,0.047,42994.0,1.0,47.62389499999999,42993.953,203187.53,13.522682404985323,3605.6446151428568,302824.4957142857,1712035800,79,Extreme Greed,79,Extreme Greed,5
2024-04-03,2,27799.775742,92.66591914,152.8211043688667,300,30.85353,1577996.87,5259.989566666667,902.695,161,0.5366666666666666,419.88134141,5126.79646418248,0.007001,62927.0,1.0,13899.887871,62926.992999,788998.435,1.6315550604958993,7417.271537714286,502595.3828571429,1712122200,71,Greed,71,Greed,4
2024-04-04,1,0.0,0.0,0.0,32,0.0,95987.73,2999.6165625,961.4749999999999,0,0.0,3401.434375,34.823218147917345,3332.3,3431.1,0.0,0.0,98.79999999999973,95987.73,0.0,7350.958723428571,474803.22142857144,1712208600,70,Greed,70,Greed,4
2024-04-05,2,0.0,0.0,0.0,9,0.0,58998.75,6555.416666666667,3993.33,0,0.0,2089.1695403333333,1566.937536881801,0.008621,3145.4,0.0,0.0,3145.391379,29499.375,0.0,7336.619326,464240.80142857146,1712295000,79,Extreme Greed,79,Extreme Greed,5
2024-04-06,1,52.211438,0.9851214716981133,2.4828445149485265,53,0.0,24243.41,457.42283018867926,340.43,25,0.4716981132075472,13394.864554716982,28011.42348267147,1.1459,71041.0,1.0,52.211438,71039.8541,24243.41,1.2507267441043044,7344.078102857143,449267.6228571429,1712381400,75,Extreme Greed,75,Extreme Greed,5
2024-04-07,2,0.0,0.0,0.0,25,0.0,430568.01,17222.720400000002,8103.87,25,1.0,2795.886,1054.382446478348,3.15,3273.1,0.0,0.0,3269.95,215284.005,0.0,3976.0010621428564,355824.9771428572,1712467800,78,Extreme Greed,78,Extreme Greed,5
2024-04-08,5,-122672.000883,-965.9212667952756,3618.961540622186,127,0.0,1207744.07,9509.795826771655,1111.06,60,0.47244094488188976,11138.705859755904,20410.18490987046,1.7e-05,59461.0,0.0,-24534.4001766,59460.999983,241548.814,3.7427675498510076,-13538.912829714287,514103.76714285713,1712554200,76,Extreme Greed,76,Extreme Greed,5
2024-04-09,2,1065.785132,31.346621529411763,462.16602470807555,34,0.0,131480.97,3867.0873529411765,103.485,31,0.9117647058823529,5402.028013264706,16155.750126182355,0.019315,56486.0,1.0,532.892566,56485.980685,65740.485,14.287922597661167,-13393.46122442857,503859.9728571429,1712640600,80,Extreme Greed,80,Extreme Greed,5
2024-04-10,1,0.0,0.0,,1,0.0,0.34,0.34,0.34,0,0.0,0.0011,,0.0011,0.0011,0.0,0.0,0.0,0.34,,-17364.857759000002,278431.89714285714,1712727000,78,Extreme Greed,78,Extreme Greed,5
2024-04-11,2,2799.410474,77.76140205555555,118.94285081013497,36,29.134382,451811.97,12550.332499999999,7595.200000000001,13,0.3611111111111111,49681.014294444445,31251.03407730779,0.15144,69264.0,1.0,1399.705237,69263.84856,225905.985,1.5101667530783267,-16964.941977000002,329263.9314285714,1712813400,76,Extreme Greed,76,Extreme Greed,5
2024-04-12,7,292891.815021,918.1561599404388,4090.2838520231076,319,0.0,769287.65,2411.5600313479626,272.25,96,0.30094043887147337,3922.991142316614,19020.163181879107,0.007906,96973.0,1.0,41841.687860142854,96972.992094,109898.23571428572,4.450042365258323,24876.745883142856,430733.77428571426,1712899800,79,Extreme Greed,79,Extreme Greed,5
2024-05-01,1,164.141565,2.486993409090909,60.7235758141571,66,0.0,1703942.66,25817.31303030303,4257.8,31,0.4696969696969697,30495.46818181818,19454.241857154553,2222.2,44642.0,1.0,164.141565,42419.8,1703942.66,17.414307596867037,24892.735901285712,670690.8099999999,1714541400,54,Neutral,54,Neutral,3
2024-05-02,1,-33.45419400000003,-0.4646415833333337,46.10792460482958,72,0.0,770198.26,10697.198055555556,3621.485,33,0.4583333333333333,15958.2223625,19622.221756634914,1.7567,42828.0,0.0,-33.45419400000003,42826.2433,770198.26,31.48068792359011,24887.956730714282,719209.4171428571,1714627800,43,Fear,43,Fear,2
2024-05-03,1,19791.026041,109.95014467222222,195.65804028577477,180,34.3644515,841810.32,4676.724,1247.5749999999998,55,0.3055555555555556,0.3816785944444444,0.7007169708826589,0.006013,2.474,1.0,19791.026041,2.4679870000000004,841810.32,1.7634771082435574,45239.817719857136,666933.1671428571,1714714200,48,Neutral,48,Neutral,3
2024-05-04,3,10706.484306,107.06484306,304.1028007265851,100,8.978760000000001,503791.8,5037.918,623.395,17,0.17,330.28005890000003,986.0322455497284,0.7612,3312.3,1.0,3568.828102,3311.5388000000003,167930.6,2.814077105148253,46617.06045899999,720120.4285714285,1714800600,67,Greed,67,Greed,4
2024-05-05,2,0.916,0.15266666666666667,0.37395543406489856,6,0.0,24068.350000000002,4011.391666666667,251.54,1,0.16666666666666666,2099.545833333333,1618.3325482686698,10.173,3144.2,1.0,0.458,3134.027,12034.175000000001,0.3244263453425956,46617.19131614285,723558.7157142857,1714887000,69,Greed,69,Greed,4
2024-05-06,1,56.055506,1.038064925925926,2.9096994557928553,54,0.0,25350.77,469.4587037037037,526.8299999999999,17,0.3148148148148148,2682.9926944444446,13675.037816024133,4.9307,71764.0,1.0,56.055506,71759.0693,25350.77,1.427677508591112,46225.28346357143,662635.6871428571,1714973400,71,Greed,71,Greed,4
2024-05-07,2,0.0,0.0,0.0,32,0.0,272289.89,8509.0590625,2858.9700000000003,32,1.0,1837.889625,1445.7108930489255,0.021,3025.0,0.0,0.0,3024.979,136144.945,0.0,4383.595603428572,591636.0071428571,1715059800,68,Greed,68,Greed,4
2024-05-08,4,-13013.665169,-162.6708146125,795.0273715447163,80,0.0,420495.4,5256.1925,2216.9700000000003,41,0.5125,14847.670722625,22716.708989062114,0.00019,56726.0,0.0,-3253.41629225,56725.99981,105123.85,4.857477940871676,2501.0517842857143,408286.3985714285,1715146200,64,Greed,64,Greed,4
2024-05-09,1,0.0,0.0,,1,0.0,0.84,0.84,0.84,0,0.0,7.79e-05,,7.79e-05,7.79e-05,0.0,0.0,0.0,0.84,,2505.830954857143,298258.19571428566,1715232600,55,Greed,55,Greed,4
2024-05-10,2,5767.161892,155.86924032432432,217.0879728346648,37,39.480396,605605.74,16367.722702702702,11986.49,9,0.24324324324324326,60568.594601856756,10235.086310727316,0.0002687,62376.0,1.0,2883.580946,62375.9997313,302802.87,1.38387852446942,502.42179071428575,264514.6842857143,1715319000,66,Greed,66,Greed,4
2024-05-11,1,678.4759280000001,67.8475928,93.32108146532121,10,10.511846,200627.23,20062.723,18815.325,5,0.5,67511.4,447.3612013177321,67085.0,67936.0,1.0,678.4759280000001,851.0,200627.23,1.3554734111970463,-930.1508347142857,221205.46,1715405400,53,Neutral,53,Neutral,3
2024-05-12,8,71574.11848800001,156.96078615789474,1402.284112762816,456,0.0,1256750.79,2756.0324342105264,326.56,192,0.42105263157894735,4881.7428253070175,21442.349080329837,0.24995,103265.0,1.0,8946.764811000001,103264.75005,157093.84875,8.87741918023324,9294.592377857143,397302.9514285714,1715491800,56,Greed,56,Greed,4
2024-06-01,1,135.58166400000002,6.16280290909091,37.338371573804935,22,0.0,298521.4,13569.154545454547,7353.530000000001,11,0.5,6586.107318181818,15151.388468026682,13.947,43799.0,1.0,135.58166400000002,43785.053,298521.4,5.212815715816457,9305.95325757143,436327.32714285713,1717219800,72,Greed,72,Greed,4
2024-06-02,1,-215.615907,-0.19817638511029412,12.69131338108202,1088,0.0,8047153.41,7396.280707720588,2164.67,518,0.47610294117647056,22118.307961134193,20245.162112718543,0.000895,43182.0,0.0,-215.615907,43181.999105,8047153.41,10.592191215581138,9275.150985142858,1547022.1157142858,1717306200,73,Greed,73,Greed,4
2024-06-03,1,6814.825139,83.10762364634145,146.9693030530839,82,27.00537,327218.02,3990.4636585365856,1942.915,49,0.5975609756097561,1.7171503902439025,1.9360757462923552,0.005843,6.3384,1.0,6814.825139,6.332557,327218.02,1.7473957375263074,12107.792457714288,1533696.7757142857,1717392600,73,Greed,73,Greed,4
2024-06-04,1,236.33513399999998,14.770945874999999,42.149058574016486,16,0.0,68223.67,4263.979375,2257.3,0,0.0,3328.08125,7.521012232406113,3320.0,3337.7,1.0,236.33513399999998,17.699999999999818,68223.67,2.672576452172783,12141.554619714287,1543442.8942857143,1717479000,73,Greed,73,Greed,4
2024-06-05,1,968.59038,107.62115333333333,237.64601629026436,9,0.0,206016.43,22890.714444444442,14386.77,8,0.8888888888888888,3109.866666666667,38.095636233038405,3076.0,3201.5,1.0,968.59038,125.5,206016.43,2.1878428740393083,11456.044403714286,1486358.7071428571,1717565400,75,Extreme Greed,75,Extreme Greed,5
2024-06-06,1,274.173187,1.1716802863247862,3.3659483181601715,234,0.0,137557.76,587.8536752136753,554.615,102,0.4358974358974359,30.647596965811967,112.65170422016628,0.64655,721.97,1.0,274.173187,721.32345,137557.76,1.549928108366489,11398.286869285716,1477348.782857143,1717651800,78,Extreme Greed,78,Extreme Greed,5
2024-06-07,1,108.87217799999999,4.53634075,10.03473956812726,24,0.0,2490.17,103.75708333333334,59.86,17,0.7083333333333334,1.10232597125,1.7517444478001014,0.00084561,3.815,1.0,108.87217799999999,3.81415439,2490.17,1.8125220287655273,1188.9659678571427,1298168.6942857145,1717738200,77,Extreme Greed,77,Extreme Greed,5
2024-06-08,2,267.318048,2.4982995140186914,8.28376598603028,107,0.0,61478.38,574.5642990654205,123.95,76,0.7102803738317757,1056.048024274299,7179.1864473601945,0.00026942,52748.0,1.0,133.659024,52747.99973058,30739.19,2.3679407531673173,1207.785451285714,1264305.4057142858,1717824600,72,Greed,72,Greed,4
2024-06-09,2,-1104.856765,-26.306113452380952,21.910908628012873,42,-24.855381,39047.1,929.6928571428571,90.725,4,0.09523809523809523,215.73034285714286,664.1790029643914,2.7535,2238.5,0.0,-552.4283825,2235.7465,19523.55,0.8024176954447669,1080.7510429999998,120290.21857142857,1717911000,75,Extreme Greed,75,Extreme Greed,5
2024-06-10,1,130.487079,5.9312308636363635,17.741123762831634,22,0.0,300130.56,13642.298181818182,6351.0599999999995,6,0.2727272727272727,62166.40909090909,324.91869445856975,61850.0,62849.0,1.0,130.487079,999.0,300130.56,2.5595921001430946,125.84560585714287,116420.58142857142,1717997400,72,Greed,72,Greed,4
2024-06-11,2,2817.83723,187.85581533333334,309.14971367702964,15,0.0,123906.9,8260.46,6823.5,6,0.4,58370.23423933333,30280.899533449774,0.17091,74580.0,1.0,1408.918615,74579.82909,61953.45,1.6369615790298846,494.6316195714286,124375.32857142856,1718083800,74,Greed,74,Greed,4
2024-06-12,10,-92624.643895,-229.83782604218362,6326.353243835444,403,0.0,3471019.22,8612.950918114144,497.04,205,0.5086848635235732,15604.850347196028,35117.0184331323,0.04314,101350.0,0.0,-9262.4643895,101349.95686,347101.922,27.406051045894696,-12875.830419714286,590804.2985714286,1718170200,72,Greed,72,Greed,4
2024-07-01,1,-835.681235,-8.615270463917525,34.037905927281535,97,0.0,1048850.06,10812.887216494846,3003.94,52,0.5360824742268041,7513.911021649485,15751.431533109208,0.82954,44269.0,0.0,-835.681235,44268.17046,1048850.06,3.5399842422543313,-13034.38105142857,720988.912857143,1719811800,53,Neutral,53,Neutral,3
2024-07-02,1,241.24212,16.082808,56.54657345272468,15,0.0,6758.73,450.582,337.68,7,0.4666666666666667,3.98582,2.899661550742973,0.041,6.15,1.0,241.24212,6.109,6758.73,3.310145115060983,-13015.471059714286,721598.7071428571,1719898200,51,Neutral,51,Neutral,3
2024-07-04,1,0.0,0.0,0.0,23,0.0,49988.14,2173.397391304348,680.92,0,0.0,3398.0043478260873,7.056169335531876,3390.6,3405.2,0.0,0.0,14.599999999999909,49988.14,0.0,-13053.659352285715,719957.2442857142,1720071000,44,Fear,44,Fear,2
2024-07-05,3,883.537693,49.08542738888889,57.79243416391551,18,9.50184,108717.58,6039.865555555556,3417.135,6,0.3333333333333333,1715.215231,1577.816436168854,0.008228,3112.7,1.0,294.51256433333333,3112.6917719999997,36239.193333333336,1.1538772289030395,-12769.603001142856,729910.17,1720157400,29,Fear,29,Fear,2
2024-07-06,3,8902.467416,20.23288049090909,103.25220050843622,440,0.0,1098588.76,2496.7926363636366,468.885,181,0.4113636363636364,1232.3513694545454,7387.736391954849,0.70696,69282.0,1.0,2967.4891386666663,69281.29304,366196.25333333336,4.862844706946093,-11516.462952999998,843975.6271428572,1720243800,26,Fear,26,Fear,2
2024-07-07,1,61.428942,6.1428942,4.100173833321266,10,4.9143155,498.75,49.875,39.9,0,0.0,3.9900000000000007,0.0,3.99,3.99,1.0,61.428942,0.0,498.75,0.5740213586421686,-11910.23556557143,826345.8914285714,1720330200,29,Fear,29,Fear,2
2024-07-08,3,188.789255,5.720886515151515,10.349410204930836,33,0.0,2492.77,75.53848484848484,38.98,12,0.36363636363636365,1.594288883939394,2.0319063678702913,0.00028607,4.75,1.0,62.92975166666667,4.74971393,830.9233333333333,1.5398876594031463,1348.8263129999998,330842.11285714287,1720416600,28,Fear,28,Fear,2
2024-07-10,1,0.0,0.0,0.0,21,0.0,219984.65,10475.459523809524,3379.1,0,0.0,63684.42857142857,182.24477260776848,63496.0,63858.0,0.0,0.0,362.0,219984.65,0.0,1468.2093465714283,212432.76857142855,1720589400,28,Fear,28,Fear,2
2024-07-11,3,4493.353136,39.764187044247784,107.40420684370638,113,3.894186,111335.3,985.2681415929204,143.99,53,0.4690265486725664,1338.6989985840708,10003.089792496958,0.20328,76309.0,1.0,1497.7843786666665,76308.79672,37111.76666666667,2.6347687671809497,2075.653777428571,227372.27857142856,1720675800,29,Fear,29,Fear,2
2024-07-12,6,85906.279067,282.5864442993421,2478.915786497859,304,0.0,451733.42,1485.965197368421,209.72500000000002,110,0.3618421052631579,1359.7200135328949,11334.961635242154,0.014098,99351.0,1.0,14317.713177833333,99350.985902,75288.90333333334,8.741305645347484,14347.979358428569,284764.46142857143,1720762200,25,Fear,25,Fear,2
2024-08-01,1,-269.874439,-2.1083940546875,122.41963598502315,128,0.0,1522452.43,11894.159609375,1850.245,40,0.3125,15078.63093734375,20290.967629114057,0.313,45945.0,0.0,-269.874439,45944.687,1522452.43,39.383563934055495,14183.206196714282,486726.58285714284,1722490200,52,Neutral,52,Neutral,3
2024-08-02,1,770.756024,77.07560240000001,139.74567826297627,10,0.0,26051.12,2605.112,2084.025,2,0.2,10.0228845,9.311771566092043,0.000975,20.5,1.0,770.756024,20.499025,26051.12,1.7898764014272435,13021.533140714284,333506.92,1722576600,57,Greed,57,Greed,4
2024-08-03,1,4271.886236,63.7594960597015,148.75855367571137,67,12.4432,183583.18,2740.047462686567,482.56,19,0.2835820895522388,2.9131835970149256,2.6015710412934174,0.008232,7.3333,1.0,4271.886236,7.325068000000001,183583.18,2.297092515027781,13623.027039857141,359661.8385714285,1722663000,37,Fear,37,Fear,2
2024-08-04,2,1218.4267,40.614223333333335,222.45326275219327,30,0.0,211940.64,7064.688,2618.825,1,0.03333333333333333,3295.5374166666666,896.4206747924679,4.1548,3570.5,1.0,609.21335,3566.3452,105970.32,5.345606500218072,13770.11810342857,389582.9628571429,1722749400,34,Fear,34,Fear,2
2024-08-05,2,1.56576,0.12044307692307693,1.641780493282545,13,0.0,65973.57,5074.89,1400.0,12,0.9230769230769231,2312.7117384615385,1317.0287700616034,0.44038,3050.8,1.0,0.78288,3050.35962,32986.785,1.465295762986146,13770.341783428568,367581.37999999995,1722835800,26,Fear,26,Fear,2
2024-08-06,2,129.13883900000002,4.453063413793104,13.610694021064663,29,0.0,97351.88,3356.961379310345,1887.13,21,0.7241379310344828,10513.408993103449,23909.45819069592,1.0002,69243.0,1.0,64.56941950000001,69241.9998,48675.94,2.495972078123548,13146.882598142856,365583.7485714285,1722922200,17,Extreme Fear,17,Extreme Fear,1
2024-08-07,1,0.0,0.0,,1,0.0,497.64,497.64,497.64,1,1.0,3.19,,3.19,3.19,0.0,0.0,0.0,497.64,,874.5570171428571,301121.4942857143,1723008600,29,Fear,29,Fear,2
2024-08-08,2,-40.712216999999995,-4.5235796666666666,9.68187399440364,9,0.0,16299.35,1811.038888888889,250.0,5,0.5555555555555556,520.3884688888888,1031.28327497182,0.04,2339.4,0.0,-20.356108499999998,2339.36,8149.675,1.7528259894269604,907.2944774285716,85956.76857142858,1723095000,20,Extreme Fear,20,Extreme Fear,1
2024-08-09,1,0.0,0.0,,1,0.0,0.11,0.11,0.11,0,0.0,0.11756,,0.11756,0.11756,0.0,0.0,0.0,0.11,,797.1864740000001,82235.19571428571,1723181400,48,Neutral,48,Neutral,3
2024-08-10,2,5396.546638,149.90407327777777,223.40754741053024,36,29.615628,434584.13,12071.781388888889,2491.3999999999996,34,0.9444444444444444,58825.33341509444,14469.623319914062,0.0014717,62293.0,1.0,2698.273319,62292.9985283,217292.065,1.4804606831208007,957.8522457142857,118092.4742857143,1723267800,40,Fear,40,Fear,2
2024-08-11,2,-64.41354100000007,-1.6516292564102582,72.4018294193872,39,0.0,270700.44,6941.036923076923,2930.56,23,0.5897435897435898,46749.91446666667,37439.77303993247,3.6235,76539.0,0.0,-32.20677050000003,76535.3765,135350.22,27.30465778515503,774.5893541428571,126486.73142857142,1723354200,39,Fear,39,Fear,2
2024-08-12,6,15965.933436,38.014127228571425,232.61343396421137,420,0.0,932939.72,2221.2850476190474,352.9,82,0.19523809523809524,1787.932218347619,12791.004341189435,0.011172,100299.0,1.0,2660.988906,100298.988828,155489.95333333334,5.962287265876867,3055.213307857143,250339.03857142857,1723440600,25,Fear,25,Fear,2
2024-09-01,1,-826.349863,-11.804998042857143,214.1803231936485,70,0.0,870051.97,12429.313857142857,5087.139999999999,28,0.4,14127.109546714286,20885.372418201398,0.45719,47063.0,0.0,-826.349863,47062.54281,870051.97,16.72630659347286,2918.714921857143,360724.7657142857,1725168600,26,Fear,26,Fear,2
2024-09-03,1,9949.501624,85.03847541880343,154.56552113291943,117,25.01825,658178.75,5625.459401709401,943.3,83,0.7094017094017094,15.9975568974359,38.11867542971365,0.008819,133.68,1.0,9949.501624,133.67118100000002,658178.75,1.796469781461744,4340.072296714286,454679.20999999996,1725341400,26,Fear,26,Fear,2
2024-09-04,1,0.0,0.0,0.0,3,0.0,57063.840000000004,19021.280000000002,10184.23,0,0.0,3501.3000000000006,0.0,3501.3,3501.3,0.0,0.0,0.0,57063.840000000004,0.0,4345.888327714286,460502.70857142855,1725427800,27,Fear,27,Fear,2
2024-09-05,2,1147.595856,40.985566285714285,92.95513364107583,28,0.0,221966.12,7927.361428571428,3673.55,9,0.32142857142857145,2667.6832657142854,941.5421266559297,0.14381,3016.7,1.0,573.797928,3016.55619,110983.06,2.2139783231339694,4509.8305928571435,492212.13857142854,1725514200,29,Fear,29,Fear,2
2024-09-06,2,0.0,0.0,0.0,17,0.0,22410.22,1318.2482352941176,148.46,17,1.0,1091.865705882353,1738.8167543035813,2.9361,3705.2,0.0,0.0,3702.2639,11205.11,0.0,3738.895358857143,433330.15142857144,1725600600,22,Extreme Fear,22,Extreme Fear,1
2024-09-07,1,648.984412,43.265627466666665,40.13596510326193,15,37.164306,2736.45,182.42999999999998,197.8,0,0.0,4.546446666666666,0.2671064925847968,4.1938,4.99,1.0,648.984412,0.7961999999999998,2736.45,0.9067072444299024,3840.8093521428573,395049.58142857143,1725687000,23,Extreme Fear,23,Extreme Fear,1
2024-09-08,5,18082.071276,125.56993941666666,454.8533022933731,144,0.0,503204.86,3494.4781944444444,498.15999999999997,54,0.375,4675.996384345139,15085.83386160418,1.57e-05,59570.0,1.0,3616.4142552,59569.9999843,100640.972,3.5936913961537242,4143.114757857143,333658.88714285713,1725773400,29,Fear,29,Fear,2
2024-09-09,1,0.0,0.0,0.0,2,0.0,4014.4300000000003,2007.2150000000001,2007.2150000000001,2,1.0,0.0115,0.0,0.0115,0.0115,0.0,0.0,0.0,4014.4300000000003,0.0,4261.1647382857145,209939.23857142855,1725859800,26,Fear,26,Fear,2
2024-09-10,1,396.06272,28.290194285714286,61.54299038481661,14,0.0,220399.93,15742.852142857142,17148.715,11,0.7857142857142857,61800.92857142857,474.2797720731933,61320.0,62461.0,1.0,396.06272,1141.0,220399.93,2.1011465401864196,2896.387752000001,147399.40714285715,1725946200,33,Fear,33,Fear,2
2024-09-11,2,102.90894,1.196615581395349,2.90992297730476,86,0.0,193384.41,2248.655930232558,433.685,53,0.6162790697674418,8015.27303244186,23467.205243676726,0.47499,76357.0,1.0,51.45447,76356.52501,96692.205,1.3247301903669002,2911.0890291428577,166873.7742857143,1726032600,37,Fear,37,Fear,2
2024-09-12,10,6310.967676,11.708659881261596,100.89854795146519,539,0.0,983949.68,1825.5096103896105,149.9,455,0.8441558441558441,3534.2818935269015,18326.913058245325,0.013826,101279.0,1.0,631.0967676,101278.986174,98394.96800000001,7.9393538653305225,3648.713574857143,275728.5685714286,1726119000,31,Fear,31,Fear,2
2024-10-01,1,-1517.091342,-7.860576901554404,119.7894328095249,193,0.0,2057479.48,10660.515440414507,1901.0,92,0.47668393782383417,12914.76879230052,19322.706929713844,0.091809,46909.0,0.0,-1517.091342,46908.908191,2057479.48,13.519371722682115,3431.9862402857148,566452.7485714286,1727760600,50,Neutral,50,Neutral,3
2024-10-03,1,2482.9272,59.117314285714286,207.7542700001469,42,2.505,219973.85,5237.472619047619,1103.9299999999998,38,0.9047619047619048,34.630716666666665,55.4443214228381,2.6606,158.0,1.0,2482.9272,155.3394,219973.85,3.455814227042336,3693.9780671428575,597486.6628571429,1727933400,37,Fear,37,Fear,2
2024-10-04,1,5207.443414,127.01081497560976,197.76893722954745,41,32.322,351735.97,8578.926097560974,3999.01,40,0.975609756097561,3433.4707317073166,27.343045220882548,3420.0,3527.0,1.0,5207.443414,107.0,351735.97,1.5449392871003036,1854.7455154285722,575848.25,1728019800,41,Fear,41,Fear,2
2024-10-05,1,2101.741695,95.53371340909092,240.61922882162773,22,0.0,156882.0,7131.0,5012.195,16,0.7272727272727273,2946.254545454545,53.37453224751177,2892.3,3051.4,1.0,2101.741695,159.0999999999999,156882.0,2.492592694553567,2154.9943290000006,597686.4742857142,1728106200,49,Neutral,49,Neutral,3
2024-10-06,2,31.266804999999998,0.589939716981132,1.9665257227845954,53,0.0,46587.93,879.0175471698113,501.9,22,0.41509433962264153,280.7776811320755,977.2411549318537,1.1655,3668.8,1.0,15.633402499999999,3667.6345,23293.965,1.2368555246349207,2102.8806268571434,572856.1885714285,1728192600,50,Neutral,50,Neutral,3
2024-10-07,2,11977.734907,213.88812333928573,337.8156690082534,56,59.449220999999994,687900.21,12283.93232142857,3237.335,10,0.17857142857142858,2410.4582857142855,1335.3434416452624,2.3469,3148.0,1.0,5988.8674535,3145.6531,343950.105,1.572053698262691,3799.2843364285723,643501.3028571429,1728279000,50,Neutral,50,Neutral,3
2024-10-08,2,0.0,0.0,0.0,88,0.0,11339.29,128.8555681818182,119.485,87,0.9886363636363636,1.8675185526136362,1.7903974194332855,0.00012763,3.8045,0.0,0.0,3.80437237,5669.645,0.0,2897.717525571429,504556.9614285714,1728365400,49,Neutral,49,Neutral,3
2024-10-09,2,-219.729659,-73.24321966666666,96.08066367806516,3,-37.697891,2547.28,849.0933333333334,766.74,1,0.3333333333333333,1557.6705000000002,1348.9722792595664,0.0115,2336.7,0.0,-109.8648295,2336.6884999999997,1273.64,1.2941338496558086,3083.0549088571433,210995.21857142853,1728451800,49,Neutral,49,Neutral,3
2024-10-10,1,0.0,0.0,0.0,16,0.0,300024.33999999997,18751.521249999998,20868.605,16,1.0,59323.25,557.4002152852128,58948.0,60419.0,0.0,0.0,1471.0,300024.33999999997,0.0,2728.3510231428577,222431.0028571428,1728538200,39,Fear,39,Fear,2
2024-10-11,3,991.114334,5.728984589595376,22.471438317729593,173,0.0,413636.7,2390.963583815029,1110.6,48,0.2774566473988439,22619.335545589594,35169.11698739768,0.012354,80010.0,1.0,330.37144466666666,80009.987646,137878.9,3.339499150061337,2126.0182974285717,231273.9642857143,1728624600,32,Fear,32,Fear,2
2024-10-12,11,39325.770231,24.640206911654136,141.48990698368283,1596,0.787791,3150424.08,1973.94992481203,257.42,530,0.33208020050125314,2885.2128903966163,16284.591066578498,0.009052,98182.0,1.0,3575.070021,98181.990948,286402.1890909091,5.518282573584537,7443.736659714287,658922.8328571429,1728711000,49,Neutral,49,Neutral,3
2024-11-01,2,-164.08950099999998,-7.813785761904761,101.92627878710132,21,0.0,305314.1,14538.766666666666,5005.45,13,0.6190476190476191,12141.70542857143,19629.102693301003,99.834,46543.0,0.0,-82.04475049999999,46443.166,152657.05,11.564415285387408,7415.828616000001,695883.7142857143,1730439000,75,Extreme Greed,75,Extreme Greed,5
2024-11-02,1,983.443176,28.924799294117648,108.62231864377547,34,0.0,212311.82,6244.465294117647,710.625,23,0.6764705882352942,17890.449081970586,22727.73364910264,0.037265,48195.0,1.0,983.443176,48194.962735,212311.82,3.6298428462685624,5845.2155115714295,627942.5157142858,1730525400,72,Greed,72,Greed,4
2024-11-03,1,3588.179495,85.43284511904761,196.10462239183906,42,18.72521,176519.44999999998,4202.844047619047,480.955,12,0.2857142857142857,2.647672619047619,3.1884582870593374,0.51433,7.8145,1.0,3588.179495,7.30017,176519.44999999998,2.268866911898317,6357.812582285716,651539.6814285713,1730611800,74,Greed,74,Greed,4
2024-11-04,1,389.743164,24.35894775,69.72639235953248,16,0.0,76400.96,4775.06,1892.385,14,0.875,3521.2125,27.376775437098644,3503.7,3586.9,1.0,389.743164,83.20000000000027,76400.96,2.749577507983646,6444.880128428573,662090.207142857,1730698200,70,Greed,70,Greed,4
2024-11-05,1,251.604742,27.956082444444444,38.73340875071258,9,6.001646,63248.95,7027.661111111111,1500.46,0,0.0,2922.511111111111,0.09279607271365267,2922.4,2922.6,1.0,251.604742,0.1999999999998181,63248.95,1.3376605355723465,6480.823663000001,628265.1514285713,1730784600,70,Greed,70,Greed,4
2024-11-06,3,4320.631811,35.12708789430894,169.7310786091785,123,0.0,373279.92,3034.7960975609753,132.38,114,0.926829268292683,8924.726208861788,21720.079989299902,0.82785,67164.0,1.0,1440.2106036666667,67163.17215,124426.64,4.698166625157629,6956.469016857144,622499.8971428572,1730871000,70,Greed,70,Greed,4
2024-11-07,1,1876.812082,98.77958326315789,150.16378122148163,19,0.0,169887.02,8941.422105263156,8977.39,10,0.5263157894736842,3151.1421052631576,47.5096401421096,3089.5,3198.1,1.0,1876.812082,108.59999999999991,169887.02,1.5049549848834392,1606.6178527142868,196708.88857142857,1730957400,77,Extreme Greed,77,Extreme Greed,5
2024-11-08,2,847.7766200000001,35.32402583333334,91.2518343902943,24,0.0,44230.21,1842.9254166666667,200.41000000000003,16,0.6666666666666666,892.9076233333334,1289.868720484457,0.0305,2679.0,1.0,423.88831000000005,2678.9695,22115.105,2.5121619175415177,1751.1701557142867,159411.19,1731043800,75,Extreme Greed,75,Extreme Greed,5
2024-11-09,1,0.0,0.0,,1,0.0,0.54,0.54,0.54,0,0.0,1.5e-05,,1.5e-05,1.5e-05,0.0,0.0,0.0,0.54,,1610.6782734285723,129081.00714285715,1731130200,75,Extreme Greed,75,Extreme Greed,5
2024-11-10,2,8885.327477,341.74336450000004,367.9830904604618,26,232.8029795,488904.19,18804.007307692307,16272.82,0,0.0,59195.38462157692,12081.229214103892,0.000161,62802.0,1.0,4442.6637385,62801.999839,244452.095,1.073640305180764,2367.4136994285727,173707.39857142858,1731216600,78,Extreme Greed,78,Extreme Greed,5
2024-11-11,4,6749.630996,18.09552545844504,60.90235280005483,373,0.0,1570572.42,4210.649919571046,1721.57,94,0.2520107238605898,6882.198738908847,19334.287999336833,0.012353,84835.0,1.0,1687.407749,84834.987647,392643.105,3.189352025561602,3275.969104000001,387160.46428571426,1731303000,76,Extreme Greed,76,Extreme Greed,5
2024-11-12,12,319051.554217,261.30348420720725,2003.1396625321522,1221,2.259711,2194098.33,1796.9683292383293,149.98,171,0.14004914004914004,4356.6742505249795,20185.601678151805,0.010395,100979.0,1.0,26587.629518083337,100978.989605,182841.5275,7.636725332057607,48818.819029000006,691567.5185714286,1731389400,80,Extreme Greed,80,Extreme Greed,5
2024-12-01,1,-1925.519024,-275.0741462857143,669.9280140108323,7,0.0,200082.27,28583.181428571428,43745.48,5,0.7142857142857143,39774.47142857143,17550.311600910325,1.3,46845.0,0.0,-1925.519024,46843.7,200082.27,2.426623510473564,47926.511766857155,666824.997142857,1733031000,81,Extreme Greed,81,Extreme Greed,5
2024-12-02,1,913.8817869999998,57.11761168749999,828.6571214700353,16,-26.696452,227247.69999999998,14202.981249999999,6349.635,11,0.6875,28717.7418125,24805.345609028725,19.734,49906.0,1.0,913.8817869999998,49886.266,227247.69999999998,14.258278986510108,47788.95029614286,675019.38,1733117400,80,Extreme Greed,80,Extreme Greed,5
2024-12-03,1,3039.166,379.89575,521.6006618377291,8,16.76285,103040.85,12880.10625,7729.5,1,0.125,9.235375,0.18844395718621518,8.769,9.302,1.0,3039.166,0.5329999999999995,103040.85,1.3694053079818536,48102.00592185715,683420.9000000001,1733203800,76,Extreme Greed,76,Extreme Greed,5
2024-12-04,3,-592.6458390000001,-4.594153790697676,122.96278242038903,129,4.032548,442088.59,3427.0433333333335,1030.72,43,0.3333333333333333,555.2924815968992,1259.0653270732723,0.005788,3450.6,0.0,-197.54861300000005,3450.594212,147362.86333333334,21.980586701935078,48017.342230571434,746576.3357142858,1733290200,78,Extreme Greed,78,Extreme Greed,5
2024-12-05,2,0.0,0.0,0.0,23,0.0,55179.56,2399.111304347826,999.93,17,0.7391304347826086,1272.34931,1478.0560671031742,0.14686,2939.4,0.0,0.0,2939.2531400000003,27589.78,0.0,46748.00973385714,684615.6742857143,1733376600,84,Extreme Greed,84,Extreme Greed,5
2024-12-06,2,-21886.531493,-86.16744682283463,276.1864377273308,254,0.0,193407.96,761.4486614173228,553.405,115,0.452755905511811,1364.4425952755905,9617.301602342683,2.2958,69438.0,0.0,-10943.2657465,69435.7042,96703.98,3.168458499061834,42657.12937828572,487877.8942857143,1733463000,72,Greed,72,Greed,4
2024-12-07,2,1412.314654,74.33235021052631,112.44287174423458,19,0.0,89582.97,4714.893157894737,3124.79,19,1.0,1621.380905263158,1578.2952914002396,2.1249,3097.6,1.0,706.157327,3095.4751,44791.485,1.4926239713748204,-2719.9048449999996,187232.84285714285,1733549400,75,Extreme Greed,75,Extreme Greed,5
2024-12-08,3,858.6705000000001,17.88896875,64.64753431191872,48,0.0,54167.32,1128.4858333333334,160.74,39,0.8125,855.5521279583332,1220.6922846961297,0.0002,2564.3,1.0,286.2235,2564.2998000000002,18055.773333333334,3.4225020522583436,-2322.163484428571,166387.85,1733635800,79,Extreme Greed,79,Extreme Greed,5
2024-12-10,1,541.55471,54.155471,63.374247509280295,10,20.7155355,159713.4,15971.34,13531.815,7,0.7,62726.0,376.58494688744844,62490.0,63328.0,1.0,541.55471,838.0,159713.4,1.149011083765023,-2375.3530668571425,156740.09285714288,1733808600,78,Extreme Greed,78,Extreme Greed,5
2024-12-11,4,3494.399394,20.435084175438597,80.90406191682668,171,0.0,1226354.52,7171.663859649123,1761.14,98,0.5730994152046783,33638.82797450292,42225.76909365375,0.35243,89313.0,1.0,873.5998485,89312.64757,306588.63,3.7743757502725668,-2310.3197248571423,317213.4742857143,1733895000,74,Greed,74,Greed,4
2024-12-12,14,599151.795008,310.1199767122153,1920.807926510415,1932,10.681751,4557189.87,2358.7939285714288,210.555,421,0.2179089026915114,2265.6843708274846,14642.174841845246,0.0053667,102380.0,1.0,42796.55678628571,102379.9946333,325513.5621428572,6.173849544502745,83367.457539,905085.0857142858,1733981400,83,Extreme Greed,83,Extreme Greed,5
2025-01-01,6,-9528.065345,-99.25068067708334,989.3224125030252,96,0.0,282582.1,2943.5635416666664,200.5,68,0.7083333333333334,8822.579264114584,27520.272915650094,0.033083,94394.0,0.0,-1588.0108908333334,94393.966917,47097.01666666666,9.868485738163951,82006.30534685715,937571.162857143,1735709400,66,Greed,66,Greed,4
2025-01-02,12,32300.205017,50.946695610410096,446.4149984530011,634,1.763296,1363746.44,2151.019621451104,589.245,352,0.555205047318612,4211.306208217666,20271.120413807046,0.014834,102511.0,1.0,2691.683751416667,102510.985166,113645.53666666667,8.593713097769008,89747.26770542856,1104762.3742857145,1735795800,70,Greed,70,Greed,4
2025-01-03,5,10596.108968,60.897177977011495,134.45844944800064,174,0.0,263824.13,1516.230632183908,614.6800000000001,105,0.603448275862069,3119.315583793103,14151.460454216185,0.007995,86000.0,1.0,2119.2217936,85999.992005,52764.826,2.1722872325122524,91059.23832171429,1129653.9685714287,1735882200,74,Greed,74,Greed,4
2025-01-04,9,-2202.6622420000003,-11.472199177083334,297.0927135926486,192,0.0,704445.1900000001,3668.9853645833336,500.015,92,0.4791666666666667,11425.36599246875,28721.364354609497,0.00729,85133.0,0.0,-244.74024911111115,85132.99271,78271.68777777778,23.82039521454505,90621.90507285715,1222550.8071428572,1735968600,73,Greed,73,Greed,4
2025-01-05,11,54536.829297000004,44.338885607317074,972.822640253054,1230,0.0,10720240.52,8715.642699186992,799.85,686,0.5577235772357724,12672.104182341463,31890.030734646974,0.11427,95098.0,1.0,4957.893572454545,95097.88573,974567.32,21.456695003020847,98335.51572814285,2731197.5385714285,1736055000,72,Greed,72,Greed,4
2025-02-01,9,8716.519087,24.145482235457067,117.65384746788118,361,0.0,774674.84,2145.9136842105263,249.68,107,0.296398891966759,10094.891613861495,29382.580691575953,0.01135,97378.0,1.0,968.5021207777778,97377.98865,86074.98222222221,4.678925874882614,99081.53282714286,2666671.87,1738387800,68,Greed,68,Greed,4
2025-02-02,13,162854.759623,123.46835452843062,1386.063749537317,1319,0.0,5661092.29,4291.957763457164,679.1,833,0.6315390447308568,5409.088864621683,22207.067687737403,0.012122,101276.0,1.0,12527.28920176923,101275.987878,435468.6376923077,11.135872686584905,36753.384914999995,2824372.2157142856,1738474200,60,Greed,60,Greed,4
2025-02-03,10,66914.320708,125.77879832330827,523.6453822891723,532,0.0120845,6460848.74,12144.452518796992,1487.225,274,0.5150375939849624,9371.077831221804,26982.38944846609,0.10683,94993.0,1.0,6691.4320708,94992.89317,646084.8740000001,4.130386067816989,47673.72577971428,3706981.7357142856,1738560600,44,Fear,44,Fear,2
2025-02-04,11,202212.740938,187.930056633829,783.0878201791388,1076,28.665758500000003,3867930.6,3594.7310408921935,601.435,128,0.11895910780669144,7414.856134767658,24028.23786198537,0.007317,87233.0,1.0,18382.976448909092,87232.992683,351630.05454545456,4.144855689620973,71946.94519700001,4064722.3299999996,1738647000,72,Greed,72,Greed,4
2025-03-01,9,6028.486793,11.867099986220472,63.36348991609002,508,0.0,771208.99,1518.1279330708662,221.93,169,0.33267716535433073,9803.075828159448,29282.3129011784,0.00706,98418.0,1.0,669.8318658888888,98417.99294,85689.88777777778,4.924457724269394,71294.42774342858,4137205.881428571,1740807000,20,Extreme Fear,20,Extreme Fear,1
2025-03-02,12,348871.326269,146.58459086932774,1292.2669438694834,2380,0.0,22592901.37,9492.815701680673,885.895,1091,0.4584033613445378,4859.416197735714,18879.794597895165,0.013228,99530.0,1.0,29072.610522416668,99529.986772,1882741.7808333335,8.756110216232967,121447.85467357143,7264128.1928571435,1740893400,26,Fear,26,Fear,2
2025-03-03,14,616413.032233,415.9332201302294,1682.4075657180047,1482,9.005766,8244590.38,5563.151403508772,998.7149999999999,1069,0.7213225371120108,3500.2799614203777,15421.663414209781,0.008413,93931.0,1.0,44029.50230235715,93930.991587,588899.3128571429,4.035196728129515,201715.88366442858,6910463.887142858,1740979800,33,Fear,33,Fear,2
2025-03-04,17,-2365.961276,-1.353524757437071,81.23364439225159,1748,0.0,8670233.15,4960.087614416476,796.26,956,0.5469107551487414,4420.623526697368,18235.829962477786,0.006122,87360.0,0.0,-139.17419270588235,87359.993878,510013.71470588236,34.51573820736561,200132.67218400002,8038400.788571429,1741066200,15,Extreme Fear,15,Extreme Fear,1
2025-04-01,9,2553.537968,6.882851665768194,75.44665860042967,371,0.0,1826029.6199999999,4921.912722371967,443.86,76,0.20485175202156333,7797.149899172507,23839.600556082944,0.024105,98833.0,1.0,283.7264408888889,98832.975895,202892.18,9.570985450362056,177232.49766185717,7490534.6928571435,1743485400,34,Fear,34,Fear,2
2025-04-02,13,416876.88812,165.9541752070064,2184.1682347008123,2512,0.0,15678409.27,6241.404964171974,640.5999999999999,1143,0.455015923566879,15703.124947818073,35955.83339655142,0.012343,102446.0,1.0,32067.452932307693,102445.987657,1206031.4823076923,13.082441526201206,227227.15014928574,8807329.054285714,1743571800,44,Fear,44,Fear,2
2025-04-03,16,182075.566585,75.80165136761032,940.9538347121356,2402,0.0,11124247.15,4631.24360949209,806.44,1748,0.7277268942547876,2545.786879941715,14405.01862159367,0.08498,87791.0,1.0,11379.7229115625,87790.91502,695265.446875,12.251739617007319,224350.410956,9843945.704285715,1743658200,25,Fear,25,Fear,2
2025-04-04,14,-25515.678949999998,-20.05949602987421,581.2639206142574,1272,0.0,3835545.73,3015.3661399371067,564.405,499,0.3922955974842767,4732.811766900943,18982.60437823849,0.006572,84422.0,0.0,-1822.5484964285713,84421.993428,273967.55214285717,27.601036596018165,219844.10156414288,10281708.095714286,1743744600,28,Fear,28,Fear,2
2025-05-01,8,3187.719363,13.337737920502093,59.881873800685874,239,0.0,451943.57,1890.977280334728,110.97,65,0.2719665271966527,7824.165539405858,26542.788016363855,0.0399,98614.0,1.0,398.464920375,98613.9601,56492.94625,4.176521717213037,170460.729149,7118714.124285714,1746077400,53,Neutral,53,Neutral,3
2025-05-02,11,56706.235562,43.721075992289904,444.31734690264386,1297,0.0,8743231.51,6741.1191287586735,953.58,689,0.5312259059367772,21926.164488164224,40574.009588569235,0.012159,100831.0,1.0,5155.112323818182,100830.987841,794839.2281818182,9.935300907769884,90502.61533885714,7189948.571428572,1746163800,67,Greed,67,Greed,4
